,Target,Weights
Ground Truth,1.0,1.0
Closed Form,0.704550394563562,0.9011100120065522
GD,0.7044741126079881,0.9017340155658604
SGD,0.6955398646329084,0.9116276293295872